{
    "language": "ch",
    "ocr_model_path": {
        "det": "models/det",
        "rec": "models/rec",
        "cls": "models/cls"
    },
    "batch_size": 5,
    "output_dir": "output",
    "recent_files": [
        "E:/video/ZZ.mp4",
        "E:/video/w.mp4",
        "E:/video/VV.mp4",
        "E:/video/TT.mp4",
        "E:/video/test.mp4",
        "E:/video/r.mp4",
        "E:/video/q.mp4",
        "E:/video/p.mp4",
        "E:/video/o.mp4",
        "E:/video/L.mp4"
    ],
    "subtitle_areas": {
        "E:/video/VV.mp4": [
            0.6152777777777778,
            0.6888888888888889
        ],
        "E:/video/ZZ.mp4": [
            0.7555555555555555,
            0.8125
        ],
        "E:/video/B.mp4": [
            0.675,
            0.7361111111111112
        ],
        "E:/video/CC.mp4": [
            0.6916666666666667,
            0.7541666666666667
        ],
        "E:/video/D.mp4": [
            0.6222222222222222,
            0.6833333333333333
        ],
        "E:/video/G.mp4": [
            0.625,
            0.6833333333333333
        ],
        "E:/video/L.mp4": [
            0.6222222222222222,
            0.6819444444444445
        ],
        "E:/video/o.mp4": [
            0.6138888888888889,
            0.6819444444444445
        ],
        "E:/video/p.mp4": [
            0.6208333333333333,
            0.6763888888888889
        ]
    }
}